Workbook

Sheet Assessment 1
A1: Below is the table of 2014-2015 Top Scores in the Spanish La Liga:
A3: Player Name | B3: Club | C3: Goals Scored
A4: Cristiano Ronaldo | B4: Real Madrid | C4: 48
A5: Lionel Messi | B5: Barcelona | C5: 43
A6: Antoine Griezmann | B6: Atletico Madrid | C6: 22
A7: Neymar | B7: Barcelona | C7: 22
A8: Carlos Bacca | B8: Sevilla | C8: 20
A9: Aritz Aduriz | B9: Athletic Club | C9: 18
A10: Alberto Bueno | B10: Ravo Vallecano | C10: 17
A11: Luis Suarez | B11: Barcelona | C11: 16
A12: Karim Benzema | B12: Real Madrid | C12: 15
A13: Sergio Garcia | B13: Espanvol | C13: 14
A15: Complete the following table:
A17: Club | B17: No. of Top Scorers | C17: Total no. of Goals Scored
A18: Real Madrid | B18: =COUNTIF(B3:B13, A18) -> 2 | C18: =SUMIF(B3:B13, A18, C3:C13) -> 63
A19: Barcelona | B19: =COUNTIF(B3:B13, A19) -> 3 | C19: =SUMIF(B3:B13, A19, C3:C13) -> 81
A21: Retrieve the birthday for the following players from the data in "Birthdays" worksheet and complete the table:
A23: Player Name | B23: Birthday | C23: Weekday number of the Birthday | D23: Weekday name of the Birthday
A24: Antoine Griezmann | B24: =VLOOKUP(A24, Birthdays!A:B, 2, FALSE) -> #N/A | C24: =WEEKDAY(B24) -> #N/A | D24: =TEXT(B24,"dddd") -> #N/A
A25: Karim Benzema | B25: =VLOOKUP(A25, Birthdays!A:B, 2, FALSE) -> #N/A | C25: =WEEKDAY(B25) -> #N/A | D25: =TEXT(B25,"dddd") -> #N/A
A27: How many players scored more than 20 goals? | C27: =COUNTIF(C3:C13, ">20") -> 4

Sheet Birthdays
A1: Birthday | B1: Player
A2: 31083 | B2: Cristiano Ronaldo
A3: 31952 | B3: Lionel Messi
A4: 33318 | B4: Antoine Griezmann
A5: 31801 | B5: Luis Suarez
A6: 32130 | B6: Karim Benzema

Sheet Assessment 2
A1: Data Set relating to a Luxuary Car Dealership Company.
A3: Car | B3: Year | C3: KM Driven | D3: Color | E3: Transimission | F3: Owner | G3: Price (USD) | H3: Car Manufacturer | I3: Country | J3: Price $
A4: BMW X5 | B4: 2012 | C4: 342358 | D4: White | E4: Automatic | F4: 1st owner | G4: 15400 | H4: =LEFT(A4,FIND(" ",A4)-1) -> BMW | I4: =VLOOKUP(H4,'Manufacturing Country'!A:B,2,FALSE) -> Germany | J4: =VALUE(SUBSTITUTE(SUBSTITUTE(G4,"$",""),",","")) -> 15400
A5: Audi A3 | B5: 2017 | C5: 130000 | D5: Red | E5: Manual | F5: 2nd owner | G5: $24321 | H5: =LEFT(A5,FIND(" ",A5)-1) -> Audi | I5: =VLOOKUP(H5,'Manufacturing Country'!A:B,2,FALSE) -> Germany | J5: =VALUE(SUBSTITUTE(SUBSTITUTE(G5,"$",""),",","")) -> 24321
A6: Mercedes S-Class | B6: 2020 | C6: 92450 | D6: Black | E6: Automatic | F6: 3rd owner | G6: $102342 | H6: =LEFT(A6,FIND(" ",A6)-1) -> Mercedes | I6: =VLOOKUP(H6,'Manufacturing Country'!A:B,2,FALSE) -> Germany | J6: =VALUE(SUBSTITUTE(SUBSTITUTE(G6,"$",""),",","")) -> 102342
A7: BMW X5 | B7: 2020 | C7: 76240 | D7: White | E7: Automatic | F7: 2nd owner | G7: $55272 | H7: =LEFT(A7,FIND(" ",A7)-1) -> BMW | I7: =VLOOKUP(H7,'Manufacturing Country'!A:B,2,FALSE) -> Germany | J7: =VALUE(SUBSTITUTE(SUBSTITUTE(G7,"$",""),",","")) -> 55272
A8: BMW X3 | B8: 2021 | C8: 17283 | D8: White | E8: Manual | F8: 1st owner | G8: 42000 | H8: =LEFT(A8,FIND(" ",A8)-1) -> BMW | I8: =VLOOKUP(H8,'Manufacturing Country'!A:B,2,FALSE) -> Germany | J8: =VALUE(SUBSTITUTE(SUBSTITUTE(G8,"$",""),",","")) -> 42000
A9: Lexus RX350 | B9: 2020 | C9: 98312 | D9: Red | E9: Automatic | F9: 3rd owner | G9: $51292 | H9: =LEFT(A9,FIND(" ",A9)-1) -> Lexus | I9: =VLOOKUP(H9,'Manufacturing Country'!A:B,2,FALSE) -> Japan | J9: =VALUE(SUBSTITUTE(SUBSTITUTE(G9,"$",""),",","")) -> 51292
A10: BMW X3 | B10: 2018 | C10: 156784 | D10: Blue | E10: Manual | F10: 3rd owner | G10: $37605 | H10: =LEFT(A10,FIND(" ",A10)-1) -> BMW | I10: =VLOOKUP(H10,'Manufacturing Country'!A:B,2,FALSE) -> Germany | J10: =VALUE(SUBSTITUTE(SUBSTITUTE(G10,"$",""),",","")) -> 37605
A11: BMW X5 | B11: 2019 | C11: 52034 | D11: Blue | E11: Automatic | F11: 1st owner | G11: $45000 | H11: =LEFT(A11,FIND(" ",A11)-1) -> BMW | I11: =VLOOKUP(H11,'Manufacturing Country'!A:B,2,FALSE) -> Germany | J11: =VALUE(SUBSTITUTE(SUBSTITUTE(G11,"$",""),",","")) -> 45000
A12: BMW 3 Series | B12: 2011 | C12: 205204 | D12: Red | E12: Automatic | F12: 2nd owner | G12: $13241 | H12: =LEFT(A12,FIND(" ",A12)-1) -> BMW | I12: =VLOOKUP(H12,'Manufacturing Country'!A:B,2,FALSE) -> Germany | J12: =VALUE(SUBSTITUTE(SUBSTITUTE(G12,"$",""),",","")) -> 13241
A13: Mercedes S-Class | B13: 2014 | C13: 152985 | D13: Black | E13: Automatic | F13: 2nd owner | G13: $49344 | H13: =LEFT(A13,FIND(" ",A13)-1) -> Mercedes | I13: =VLOOKUP(H13,'Manufacturing Country'!A:B,2,FALSE) -> Germany | J13: =VALUE(SUBSTITUTE(SUBSTITUTE(G13,"$",""),",","")) -> 49344
A14: Tesla Model 3 | B14: 2018 | C14: 76429 | D14: Yellow | E14: Automatic | F14: 1st owner | G14: $52432 | H14: =LEFT(A14,FIND(" ",A14)-1) -> Tesla | I14: =VLOOKUP(H14,'Manufacturing Country'!A:B,2,FALSE) -> USA | J14: =VALUE(SUBSTITUTE(SUBSTITUTE(G14,"$",""),",","")) -> 52432
A15: Volvo XC90 | B15: 2013 | C15: 254028 | D15: Black | E15: Manual | F15: 2nd owner | G15: $17452 | H15: =LEFT(A15,FIND(" ",A15)-1) -> Volvo | I15: =VLOOKUP(H15,'Manufacturing Country'!A:B,2,FALSE) -> Sweden | J15: =VALUE(SUBSTITUTE(SUBSTITUTE(G15,"$",""),",","")) -> 17452
A16: Audi Q7 | B16: 2014 | C16: 45832 | D16: White | E16: Manual | F16: 1st owner | G16: $23250 | H16: =LEFT(A16,FIND(" ",A16)-1) -> Audi | I16: =VLOOKUP(H16,'Manufacturing Country'!A:B,2,FALSE) -> Germany | J16: =VALUE(SUBSTITUTE(SUBSTITUTE(G16,"$",""),",","")) -> 23250
A17: Cadillac XT5 | B17: 2018 | C17: 67591 | D17: Blue | E17: Automatic | F17: 2nd owner | G17: $32420 | H17: =LEFT(A17,FIND(" ",A17)-1) -> Cadillac | I17: =VLOOKUP(H17,'Manufacturing Country'!A:B,2,FALSE) -> USA | J17: =VALUE(SUBSTITUTE(SUBSTITUTE(G17,"$",""),",","")) -> 32420
A18: Jaguar XF | B18: 2013 | C18: 85320 | D18: White | E18: Automatic | F18: 2nd owner | G18: $18454 | H18: =LEFT(A18,FIND(" ",A18)-1) -> Jaguar | I18: =VLOOKUP(H18,'Manufacturing Country'!A:B,2,FALSE) -> UK | J18: =VALUE(SUBSTITUTE(SUBSTITUTE(G18,"$",""),",","")) -> 18454
A19: Lexus RX350 | B19: 2016 | C19: 5000 | D19: White | E19: Automatic | F19: 1st owner | G19: $41000 | H19: =LEFT(A19,FIND(" ",A19)-1) -> Lexus | I19: =VLOOKUP(H19,'Manufacturing Country'!A:B,2,FALSE) -> Japan | J19: =VALUE(SUBSTITUTE(SUBSTITUTE(G19,"$",""),",","")) -> 41000
A20: BMW 428i | B20: 2017 | C20: 92450 | D20: Red | E20: Manual | F20: 2nd owner | G20: $35240 | H20: =LEFT(A20,FIND(" ",A20)-1) -> BMW | I20: =VLOOKUP(H20,'Manufacturing Country'!A:B,2,FALSE) -> Germany | J20: =VALUE(SUBSTITUTE(SUBSTITUTE(G20,"$",""),",","")) -> 35240
A21: Lexus RX350 | B21: 2015 | C21: 130000 | D21: Black | E21: Automatic | F21: 4th owner | G21: 22520 | H21: =LEFT(A21,FIND(" ",A21)-1) -> Lexus | I21: =VLOOKUP(H21,'Manufacturing Country'!A:B,2,FALSE) -> Japan | J21: =VALUE(SUBSTITUTE(SUBSTITUTE(G21,"$",""),",","")) -> 22520
A24: As a data analyst of the company, you were assigned with the following tasks:
A25: 1. What's the most popular car manufacturer? | D25: =INDEX(H4:H21,MODE(MATCH(H4:H21,H4:H21,0))) -> BMW
A26: 2. What's the most popular manufacturing country (Refer to "Manufacturing country" sheet)? | G26: =INDEX(I3:I21,MODE(MATCH(I3:I21,I3:I21,0))) -> Germany
A27: 3. What's the least popular color for cars? | D27: =INDEX(D4:D21,MATCH(MIN(COUNTIF(D4:D21,D4:D21)),COUNTIF(D4:D21,D4:D21),0)) -> #N/A
A28: 4. What's the average price per owner? (1st Owner, 2nd Owner, 3rd Owner, 4th Owner)
A30: Owner | B30: Average Price
A31: 1st owner | B31: =AVERAGEIF(F4:F21,"1st owner",J4:J21) -> 36513.667
A32: 2nd owner | B32: =AVERAGEIF(F4:F21,"2nd owner",J4:J21) -> 30718
A33: 3rd owner | B33: =AVERAGEIF(F4:F21,"3rd owner",J4:J21) -> 63746.333
A34: 4th owner | B34: =AVERAGEIF(F4:F21,"4th owner",J4:J21) -> 22520

Sheet Manufacturing Country
A1: Company | B1: Country
A2: BMW | B2: Germany
A3: Audi | B3: Germany
A4: Tesla | B4: USA
A5: Jaguar | B5: UK
A6: Mercedes | B6: Germany
A7: Volvo | B7: Sweden
A8: Cadillac | B8: USA
A9: Lexus | B9: Japan

Sheet Assessment 3
A1: Below is the lineup of the Nigeria team that played the Nigeria-Iceland match during World Cup 2018 (Which ended 2-0 to Nigeria!)
A3: Complete the following assingments using Excel functions:
A4: 1. How many players received a yellow/red card during the game? | D4: =COUNTIFS(F11:F30, "*Yellow Card*") + COUNTIFS(F11:F30, "*Red Card*") -> 1 | E4: Brian Oladapo Idowu
A5: 2. Return the names of the players that joined the game as substitutes. | E5: =COUNTIF(G11:G30, "*Substitution - On*") -> 3 | F5: Alex Iwobi, Odion Jude Ighalo,Tyronne Ebuehi
A6: 3. Return the names of the players that played in more than one position during the game | E6: Onyinye Wilfred Ndidi, Alex Iwobi, Odion Jude Ighalo, Ahmed Musa, John Michael Nchekwube Obinna, Kenneth Josiah Omeruo
A7: 4. Return the names of the players that played the entire game (From start to the final whistle, without being substituted) | G7: Onyinye Wilfred Ndidi, Victor Moses, Francis Odinaka Uzoho, William Troost-Ekong, Leon Aderemi Balogun, Ahmed Musa, John Michael Nchekwube Obinna, Kenneth Josiah Omeruo
A10: ` | B10: Player Name | C10: Player Nickname | D10: Jersey Number | E10: Country | F10: Cards | G10: Positions | H10: Yellow/Red card | I10: Substitutes | J10: More than one position | K10: Entire game
A11: 3139 | B11: Chidozie Collins Awaziem | C11: Chidozie Awaziem | D11: 20 | E11: Nigeria | F11: [] | G11: [] | H11: =IF(OR(ISNUMBER(SEARCH("Yellow Card", F11)), ISNUMBER(SEARCH("Red Card", F11))), B11, "") | I11: =IF(ISNUMBER(SEARCH("Substitution - On", G11)), B11, "") | J11: =IF(LEN(G11)-LEN(SUBSTITUTE(G11,"{",""))>1, B11, "") | K11: =IF(AND(ISNUMBER(SEARCH("Starting XI", G11)), ISNUMBER(SEARCH("Final Whistle", G11)), NOT(ISNUMBER(SEARCH("Substitution - Off", G11)))), B11, "")
A12: 3338 | B12: Onyinye Wilfred Ndidi | C12: Wilfred Ndidi | D12: 4 | E12: Nigeria | F12: [] | G12: [{'position_id': 13, 'position': 'Right Center Midfield', 'from': '00:00', 'to': '89:47', 'from_period': 1, 'to_period': 2, 'start_reason': 'Starting XI', 'end_reason': 'Tactical Shift'}, {'position_id': 14, 'position': 'Center Midfield', 'from': '89:47', 'to': None, 'from_period': 2, 'to_period': None, 'start_reason': 'Tactical Shift', 'end_reason': 'Final Whistle'}] | H12: =IF(OR(ISNUMBER(SEARCH("Yellow Card", F12)), ISNUMBER(SEARCH("Red Card", F12))), B12, "") | I12: =IF(ISNUMBER(SEARCH("Substitution - On", G12)), B12, "") | J12: =IF(LEN(G12)-LEN(SUBSTITUTE(G12,"{",""))>1, B12, "") -> Onyinye Wilfred Ndidi | K12: =IF(AND(ISNUMBER(SEARCH("Starting XI", G12)), ISNUMBER(SEARCH("Final Whistle", G12)), NOT(ISNUMBER(SEARCH("Substitution - Off", G12)))), B12, "") -> Onyinye Wilfred Ndidi
A13: 3647 | B13: Alex Iwobi | D13: 18 | E13: Nigeria | F13: [] | G13: [{'position_id': 15, 'position': 'Left Center Midfield', 'from': '89:40', 'to': '89:47', 'from_period': 2, 'to_period': 2, 'start_reason': 'Substitution - On (Tactical)', 'end_reason': 'Tactical Shift'}, {'position_id': 19, 'position': 'Center Attacking Midfield', 'from': '89:47', 'to': None, 'from_period': 2, 'to_period': None, 'start_reason': 'Tactical Shift', 'end_reason': 'Final Whistle'}] | H13: =IF(OR(ISNUMBER(SEARCH("Yellow Card", F13)), ISNUMBER(SEARCH("Red Card", F13))), B13, "") | I13: =IF(ISNUMBER(SEARCH("Substitution - On", G13)), B13, "") -> Alex Iwobi | J13: =IF(LEN(G13)-LEN(SUBSTITUTE(G13,"{",""))>1, B13, "") -> Alex Iwobi | K13: =IF(AND(ISNUMBER(SEARCH("Starting XI", G13)), ISNUMBER(SEARCH("Final Whistle", G13)), NOT(ISNUMBER(SEARCH("Substitution - Off", G13)))), B13, "")
A14: 3708 | B14: Kelechi Promise Iheanacho | C14: Kelechi Iheanacho | D14: 14 | E14: Nigeria | F14: [] | G14: [{'position_id': 24, 'position': 'Left Center Forward', 'from': '00:00', 'to': '84:03', 'from_period': 1, 'to_period': 2, 'start_reason': 'Starting XI', 'end_reason': 'Substitution - Off (Tactical)'}] | H14: =IF(OR(ISNUMBER(SEARCH("Yellow Card", F14)), ISNUMBER(SEARCH("Red Card", F14))), B14, "") | I14: =IF(ISNUMBER(SEARCH("Substitution - On", G14)), B14, "") | J14: =IF(LEN(G14)-LEN(SUBSTITUTE(G14,"{",""))>1, B14, "") | K14: =IF(AND(ISNUMBER(SEARCH("Starting XI", G14)), ISNUMBER(SEARCH("Final Whistle", G14)), NOT(ISNUMBER(SEARCH("Substitution - Off", G14)))), B14, "")
A15: 3963 | B15: Victor Moses | D15: 11 | E15: Nigeria | F15: [] | G15: [{'position_id': 12, 'position': 'Right Midfield', 'from': '00:00', 'to': None, 'from_period': 1, 'to_period': None, 'start_reason': 'Starting XI', 'end_reason': 'Final Whistle'}] | H15: =IF(OR(ISNUMBER(SEARCH("Yellow Card", F15)), ISNUMBER(SEARCH("Red Card", F15))), B15, "") | I15: =IF(ISNUMBER(SEARCH("Substitution - On", G15)), B15, "") | J15: =IF(LEN(G15)-LEN(SUBSTITUTE(G15,"{",""))>1, B15, "") | K15: =IF(AND(ISNUMBER(SEARCH("Starting XI", G15)), ISNUMBER(SEARCH("Final Whistle", G15)), NOT(ISNUMBER(SEARCH("Substitution - Off", G15)))), B15, "") -> Victor Moses
A16: 5454 | B16: Francis Odinaka Uzoho | C16: Francis Uzoho | D16: 23 | E16: Nigeria | F16: [] | G16: [{'position_id': 1, 'position': 'Goalkeeper', 'from': '00:00', 'to': None, 'from_period': 1, 'to_period': None, 'start_reason': 'Starting XI', 'end_reason': 'Final Whistle'}] | H16: =IF(OR(ISNUMBER(SEARCH("Yellow Card", F16)), ISNUMBER(SEARCH("Red Card", F16))), B16, "") | I16: =IF(ISNUMBER(SEARCH("Substitution - On", G16)), B16, "") | J16: =IF(LEN(G16)-LEN(SUBSTITUTE(G16,"{",""))>1, B16, "") | K16: =IF(AND(ISNUMBER(SEARCH("Starting XI", G16)), ISNUMBER(SEARCH("Final Whistle", G16)), NOT(ISNUMBER(SEARCH("Substitution - Off", G16)))), B16, "") -> Francis Odinaka Uzoho
A17: 5455 | B17: William Troost-Ekong | D17: 5 | E17: Nigeria | F17: [] | G17: [{'position_id': 4, 'position': 'Center Back', 'from': '00:00', 'to': None, 'from_period': 1, 'to_period': None, 'start_reason': 'Starting XI', 'end_reason': 'Final Whistle'}] | H17: =IF(OR(ISNUMBER(SEARCH("Yellow Card", F17)), ISNUMBER(SEARCH("Red Card", F17))), B17, "") | I17: =IF(ISNUMBER(SEARCH("Substitution - On", G17)), B17, "") | J17: =IF(LEN(G17)-LEN(SUBSTITUTE(G17,"{",""))>1, B17, "") | K17: =IF(AND(ISNUMBER(SEARCH("Starting XI", G17)), ISNUMBER(SEARCH("Final Whistle", G17)), NOT(ISNUMBER(SEARCH("Substitution - Off", G17)))), B17, "") -> William Troost-Ekong
A18: 5458 | B18: Odion Jude Ighalo | C18: Odion Ighalo | D18: 9 | E18: Nigeria | F18: [] | G18: [{'position_id': 24, 'position': 'Left Center Forward', 'from': '84:03', 'to': '89:47', 'from_period': 2, 'to_period': 2, 'start_reason': 'Substitution - On (Tactical)', 'end_reason': 'Tactical Shift'}, {'position_id': 22, 'position': 'Right Center Forward', 'from': '89:47', 'to': None, 'from_period': 2, 'to_period': None, 'start_reason': 'Tactical Shift', 'end_reason': 'Final Whistle'}] | H18: =IF(OR(ISNUMBER(SEARCH("Yellow Card", F18)), ISNUMBER(SEARCH("Red Card", F18))), B18, "") | I18: =IF(ISNUMBER(SEARCH("Substitution - On", G18)), B18, "") -> Odion Jude Ighalo | J18: =IF(LEN(G18)-LEN(SUBSTITUTE(G18,"{",""))>1, B18, "") -> Odion Jude Ighalo | K18: =IF(AND(ISNUMBER(SEARCH("Starting XI", G18)), ISNUMBER(SEARCH("Final Whistle", G18)), NOT(ISNUMBER(SEARCH("Substitution - Off", G18)))), B18, "")
A19: 5462 | B19: Brian Oladapo Idowu | C19: Brian Idowu | D19: 2 | E19: Nigeria | F19: [{'time': '43:25', 'card_type': 'Yellow Card', 'reason': 'Foul Committed', 'period': 1}] | G19: [{'position_id': 16, 'position': 'Left Midfield', 'from': '00:00', 'to': '45:00', 'from_period': 1, 'to_period': 2, 'start_reason': 'Starting XI', 'end_reason': 'Substitution - Off (Tactical)'}] | H19: =IF(OR(ISNUMBER(SEARCH("Yellow Card", F19)), ISNUMBER(SEARCH("Red Card", F19))), B19, "") -> Brian Oladapo Idowu | I19: =IF(ISNUMBER(SEARCH("Substitution - On", G19)), B19, "") | J19: =IF(LEN(G19)-LEN(SUBSTITUTE(G19,"{",""))>1, B19, "") | K19: =IF(AND(ISNUMBER(SEARCH("Starting XI", G19)), ISNUMBER(SEARCH("Final Whistle", G19)), NOT(ISNUMBER(SEARCH("Substitution - Off", G19)))), B19, "")
A20: 5464 | B20: Simeon Tochukwu Nwankwo | C20: Simy | D20: 13 | E20: Nigeria | F20: [] | G20: [] | H20: =IF(OR(ISNUMBER(SEARCH("Yellow Card", F20)), ISNUMBER(SEARCH("Red Card", F20))), B20, "") | I20: =IF(ISNUMBER(SEARCH("Substitution - On", G20)), B20, "") | J20: =IF(LEN(G20)-LEN(SUBSTITUTE(G20,"{",""))>1, B20, "") | K20: =IF(AND(ISNUMBER(SEARCH("Starting XI", G20)), ISNUMBER(SEARCH("Final Whistle", G20)), NOT(ISNUMBER(SEARCH("Substitution - Off", G20)))), B20, "")
A21: 5466 | B21: Oghenekaro Etebo | C21: Peter Etebo | D21: 8 | E21: Nigeria | F21: [] | G21: [{'position_id': 15, 'position': 'Left Center Midfield', 'from': '00:00', 'to': '89:40', 'from_period': 1, 'to_period': 2, 'start_reason': 'Starting XI', 'end_reason': 'Substitution - Off (Tactical)'}] | H21: =IF(OR(ISNUMBER(SEARCH("Yellow Card", F21)), ISNUMBER(SEARCH("Red Card", F21))), B21, "") | I21: =IF(ISNUMBER(SEARCH("Substitution - On", G21)), B21, "") | J21: =IF(LEN(G21)-LEN(SUBSTITUTE(G21,"{",""))>1, B21, "") | K21: =IF(AND(ISNUMBER(SEARCH("Starting XI", G21)), ISNUMBER(SEARCH("Final Whistle", G21)), NOT(ISNUMBER(SEARCH("Substitution - Off", G21)))), B21, "")
A22: 5467 | B22: Leon Aderemi Balogun | D22: 6 | E22: Nigeria | F22: [] | G22: [{'position_id': 3, 'position': 'Right Center Back', 'from': '00:00', 'to': None, 'from_period': 1, 'to_period': None, 'start_reason': 'Starting XI', 'end_reason': 'Final Whistle'}] | H22: =IF(OR(ISNUMBER(SEARCH("Yellow Card", F22)), ISNUMBER(SEARCH("Red Card", F22))), B22, "") | I22: =IF(ISNUMBER(SEARCH("Substitution - On", G22)), B22, "") | J22: =IF(LEN(G22)-LEN(SUBSTITUTE(G22,"{",""))>1, B22, "") | K22: =IF(AND(ISNUMBER(SEARCH("Starting XI", G22)), ISNUMBER(SEARCH("Final Whistle", G22)), NOT(ISNUMBER(SEARCH("Substitution - Off", G22)))), B22, "") -> Leon Aderemi Balogun
A23: 5471 | B23: Abdullahi Shehu | D23: 12 | E23: Nigeria | F23: [] | G23: [] | H23: =IF(OR(ISNUMBER(SEARCH("Yellow Card", F23)), ISNUMBER(SEARCH("Red Card", F23))), B23, "") | I23: =IF(ISNUMBER(SEARCH("Substitution - On", G23)), B23, "") | J23: =IF(LEN(G23)-LEN(SUBSTITUTE(G23,"{",""))>1, B23, "") | K23: =IF(AND(ISNUMBER(SEARCH("Starting XI", G23)), ISNUMBER(SEARCH("Final Whistle", G23)), NOT(ISNUMBER(SEARCH("Substitution - Off", G23)))), B23, "")
A24: 5473 | B24: Ahmed Musa | D24: 7 | E24: Nigeria | F24: [] | G24: [{'position_id': 22, 'position': 'Right Center Forward', 'from': '00:00', 'to': '89:47', 'from_period': 1, 'to_period': 2, 'start_reason': 'Starting XI', 'end_reason': 'Tactical Shift'}, {'position_id': 24, 'position': 'Left Center Forward', 'from': '89:47', 'to': None, 'from_period': 2, 'to_period': None, 'start_reason': 'Tactical Shift', 'end_reason': 'Final Whistle'}] | H24: =IF(OR(ISNUMBER(SEARCH("Yellow Card", F24)), ISNUMBER(SEARCH("Red Card", F24))), B24, "") | I24: =IF(ISNUMBER(SEARCH("Substitution - On", G24)), B24, "") | J24: =IF(LEN(G24)-LEN(SUBSTITUTE(G24,"{",""))>1, B24, "") -> Ahmed Musa | K24: =IF(AND(ISNUMBER(SEARCH("Starting XI", G24)), ISNUMBER(SEARCH("Final Whistle", G24)), NOT(ISNUMBER(SEARCH("Substitution - Off", G24)))), B24, "") -> Ahmed Musa
A25: 5475 | B25: John Michael Nchekwube Obinna | C25: John Obi Mikel | D25: 10 | E25: Nigeria | F25: [] | G25: [{'position_id': 14, 'position': 'Center Midfield', 'from': '00:00', 'to': '89:47', 'from_period': 1, 'to_period': 2, 'start_reason': 'Starting XI', 'end_reason': 'Tactical Shift'}, {'position_id': 10, 'position': 'Center Defensive Midfield', 'from': '89:47', 'to': '94:47', 'from_period': 2, 'to_period': 2, 'start_reason': 'Tactical Shift', 'end_reason': 'Player Off'}, {'position_id': 10, 'position': 'Center Defensive Midfield', 'from': '95:13', 'to': None, 'from_period': 2, 'to_period': None, 'start_reason': 'Player On', 'end_reason': 'Final Whistle'}] | H25: =IF(OR(ISNUMBER(SEARCH("Yellow Card", F25)), ISNUMBER(SEARCH("Red Card", F25))), B25, "") | I25: =IF(ISNUMBER(SEARCH("Substitution - On", G25)), B25, "") | J25: =IF(LEN(G25)-LEN(SUBSTITUTE(G25,"{",""))>1, B25, "") -> John Michael Nchekwube Obinna | K25: =IF(AND(ISNUMBER(SEARCH("Starting XI", G25)), ISNUMBER(SEARCH("Final Whistle", G25)), NOT(ISNUMBER(SEARCH("Substitution - Off", G25)))), B25, "") -> John Michael Nchekwube Obinna
A26: 5830 | B26: Kenneth Josiah Omeruo | C26: Kenneth Omeruo | D26: 22 | E26: Nigeria | F26: [] | G26: [{'position_id': 5, 'position': 'Left Center Back', 'from': '00:00', 'to': '89:47', 'from_period': 1, 'to_period': 2, 'start_reason': 'Starting XI', 'end_reason': 'Tactical Shift'}, {'position_id': 6, 'position': 'Left Back', 'from': '89:47', 'to': None, 'from_period': 2, 'to_period': None, 'start_reason': 'Tactical Shift', 'end_reason': 'Final Whistle'}] | H26: =IF(OR(ISNUMBER(SEARCH("Yellow Card", F26)), ISNUMBER(SEARCH("Red Card", F26))), B26, "") | I26: =IF(ISNUMBER(SEARCH("Substitution - On", G26)), B26, "") | J26: =IF(LEN(G26)-LEN(SUBSTITUTE(G26,"{",""))>1, B26, "") -> Kenneth Josiah Omeruo | K26: =IF(AND(ISNUMBER(SEARCH("Starting XI", G26)), ISNUMBER(SEARCH("Final Whistle", G26)), NOT(ISNUMBER(SEARCH("Substitution - Off", G26)))), B26, "") -> Kenneth Josiah Omeruo
A27: 5832 | B27: Tyronne Ebuehi | D27: 21 | E27: Nigeria | F27: [] | G27: [{'position_id': 16, 'position': 'Left Midfield', 'from': '45:00', 'to': None, 'from_period': 2, 'to_period': None, 'start_reason': 'Substitution - On (Tactical)', 'end_reason': 'Final Whistle'}] | H27: =IF(OR(ISNUMBER(SEARCH("Yellow Card", F27)), ISNUMBER(SEARCH("Red Card", F27))), B27, "") | I27: =IF(ISNUMBER(SEARCH("Substitution - On", G27)), B27, "") -> Tyronne Ebuehi | J27: =IF(LEN(G27)-LEN(SUBSTITUTE(G27,"{",""))>1, B27, "") | K27: =IF(AND(ISNUMBER(SEARCH("Starting XI", G27)), ISNUMBER(SEARCH("Final Whistle", G27)), NOT(ISNUMBER(SEARCH("Substitution - Off", G27)))), B27, "")
A28: 7470 | B28: Joel Chukwuma Obi | C28: Joel Obi | D28: 15 | E28: Nigeria | F28: [] | G28: [] | H28: =IF(OR(ISNUMBER(SEARCH("Yellow Card", F28)), ISNUMBER(SEARCH("Red Card", F28))), B28, "") | I28: =IF(ISNUMBER(SEARCH("Substitution - On", G28)), B28, "") | J28: =IF(LEN(G28)-LEN(SUBSTITUTE(G28,"{",""))>1, B28, "") | K28: =IF(AND(ISNUMBER(SEARCH("Starting XI", G28)), ISNUMBER(SEARCH("Final Whistle", G28)), NOT(ISNUMBER(SEARCH("Substitution - Off", G28)))), B28, "")
A29: 27558 | B29: Elderson Uwa Echiejile | D29: 3 | E29: Nigeria | F29: [] | G29: [] | H29: =IF(OR(ISNUMBER(SEARCH("Yellow Card", F29)), ISNUMBER(SEARCH("Red Card", F29))), B29, "") | I29: =IF(ISNUMBER(SEARCH("Substitution - On", G29)), B29, "") | J29: =IF(LEN(G29)-LEN(SUBSTITUTE(G29,"{",""))>1, B29, "") | K29: =IF(AND(ISNUMBER(SEARCH("Starting XI", G29)), ISNUMBER(SEARCH("Final Whistle", G29)), NOT(ISNUMBER(SEARCH("Substitution - Off", G29)))), B29, "")
A30: 33311 | B30: Ogenyi Eddy Onazi | C30: Ogenyi Onazi | D30: 17 | E30: Nigeria | F30: [] | G30: [] | H30: =IF(OR(ISNUMBER(SEARCH("Yellow Card", F30)), ISNUMBER(SEARCH("Red Card", F30))), B30, "") | I30: =IF(ISNUMBER(SEARCH("Substitution - On", G30)), B30, "") | J30: =IF(LEN(G30)-LEN(SUBSTITUTE(G30,"{",""))>1, B30, "") | K30: =IF(AND(ISNUMBER(SEARCH("Starting XI", G30)), ISNUMBER(SEARCH("Final Whistle", G30)), NOT(ISNUMBER(SEARCH("Substitution - Off", G30)))), B30, "")
